Title,IR,FlowHt,Const,Var,Sand,Ash,delIR,delFlow
base,1.0000 ,0.0000 ,1,0,1,0,0.0000 ,0
base,0.9995 ,0.1798 ,1,0,1,0,-0.0005 ,0.1798 
base,0.9985 ,0.5389 ,1,0,1,0,-0.0010 ,0.3590 
base,0.9970 ,1.0757 ,1,0,1,0,-0.0015 ,0.5368 
base,0.9950 ,1.7884 ,1,0,1,0,-0.0020 ,0.7127 
base,0.9925 ,2.6742 ,1,0,1,0,-0.0025 ,0.8859 
base,0.9895 ,3.7300 ,1,0,1,0,-0.0030 ,1.0557 
base,0.9860 ,4.9516 ,1,0,1,0,-0.0035 ,1.2217 
base,0.9820 ,6.3347 ,1,0,1,0,-0.0040 ,1.3830 
base,0.9775 ,7.8739 ,1,0,1,0,-0.0045 ,1.5392 
base,0.9725 ,9.5635 ,1,0,1,0,-0.0050 ,1.6896 
base,0.9670 ,11.3973 ,1,0,1,0,-0.0055 ,1.8337 
base,0.9610 ,13.3682 ,1,0,1,0,-0.0060 ,1.9709 
base,0.9545 ,15.4688 ,1,0,1,0,-0.0065 ,2.1007 
base,0.9475 ,17.6913 ,1,0,1,0,-0.0070 ,2.2225 
base,0.9400 ,20.0272 ,1,0,1,0,-0.0075 ,2.3359 
base,0.9320 ,22.4677 ,1,0,1,0,-0.0080 ,2.4405 
base,0.9235 ,25.0035 ,1,0,1,0,-0.0085 ,2.5358 
base,0.9145 ,27.6249 ,1,0,1,0,-0.0090 ,2.6214 
base,0.9050 ,30.3220 ,1,0,1,0,-0.0095 ,2.6971 
base,0.8950 ,33.0844 ,1,0,1,0,-0.0100 ,2.7624 
base,0.8845 ,35.9016 ,1,0,1,0,-0.0105 ,2.8172 
base,0.8735 ,38.7628 ,1,0,1,0,-0.0110 ,2.8612 
base,0.8620 ,41.6570 ,1,0,1,0,-0.0115 ,2.8942 
base,0.8500 ,44.5731 ,1,0,1,0,-0.0120 ,2.9161 
base,0.8375 ,47.5000 ,1,0,1,0,-0.0125 ,2.9268 
base,0.8245 ,50.4263 ,1,0,1,0,-0.0130 ,2.9263 
base,0.8110 ,53.3409 ,1,0,1,0,-0.0135 ,2.9146 
base,0.7970 ,56.2326 ,1,0,1,0,-0.0140 ,2.8918 
base,0.7825 ,59.0905 ,1,0,1,0,-0.0145 ,2.8579 
base,0.7675 ,61.9038 ,1,0,1,0,-0.0150 ,2.8132 
base,0.7520 ,64.6618 ,1,0,1,0,-0.0155 ,2.7580 
base,0.7360 ,67.3543 ,1,0,1,0,-0.0160 ,2.6925 
base,0.7195 ,69.9715 ,1,0,1,0,-0.0165 ,2.6172 
base,0.7025 ,72.5040 ,1,0,1,0,-0.0170 ,2.5325 
base,0.6850 ,74.9428 ,1,0,1,0,-0.0175 ,2.4388 
base,0.6670 ,77.2797 ,1,0,1,0,-0.0180 ,2.3369 
base,0.6485 ,79.5070 ,1,0,1,0,-0.0185 ,2.2273 
base,0.6295 ,81.6178 ,1,0,1,0,-0.0190 ,2.1108 
base,0.6100 ,83.6060 ,1,0,1,0,-0.0195 ,1.9882 
base,0.5900 ,85.4665 ,1,0,1,0,-0.0200 ,1.8605 
base,0.5695 ,87.1950 ,1,0,1,0,-0.0205 ,1.7285 
base,0.5485 ,88.7885 ,1,0,1,0,-0.0210 ,1.5935 
base,0.5270 ,90.2449 ,1,0,1,0,-0.0215 ,1.4564 
base,0.5050 ,91.5635 ,1,0,1,0,-0.0220 ,1.3186 
base,0.4825 ,92.7450 ,1,0,1,0,-0.0225 ,1.1814 
base,0.4595 ,93.7913 ,1,0,1,0,-0.0230 ,1.0463 
base,0.4360 ,94.7060 ,1,0,1,0,-0.0235 ,0.9147 
base,0.4120 ,95.4942 ,1,0,1,0,-0.0240 ,0.7882 
base,0.3875 ,96.1629 ,1,0,1,0,-0.0245 ,0.6687 
base,0.3625 ,96.7208 ,1,0,1,0,-0.0250 ,0.5579 
base,0.3370 ,97.1784 ,1,0,1,0,-0.0255 ,0.4577 
base,0.3110 ,97.5485 ,1,0,1,0,-0.0260 ,0.3701 
base,0.2845 ,97.8459 ,1,0,1,0,-0.0265 ,0.2974 
base,0.2575 ,98.0876 ,1,0,1,0,-0.0270 ,0.2417 
base,0.2300 ,98.2931 ,1,0,1,0,-0.0275 ,0.2054 
base,0.2020 ,98.4842 ,1,0,1,0,-0.0280 ,0.1911 
base,0.1735 ,98.6853 ,1,0,1,0,-0.0285 ,0.2012 
S75A25,1.0000 ,0.0000 ,1,0,0.75,0.25,0.0000 ,0
S75A25,0.9995 ,2.8114 ,1,0,0.75,0.25,-0.0005 ,2.8114 
S75A25,0.9985 ,4.2143 ,1,0,0.75,0.25,-0.0010 ,1.4029 
S75A25,0.9970 ,5.5000 ,1,0,0.75,0.25,-0.0015 ,1.2857 
S75A25,0.9950 ,5.8750 ,1,0,0.75,0.25,-0.0020 ,0.3750 
S75A25,0.9925 ,6.2500 ,1,0,0.75,0.25,-0.0025 ,0.3750 
S75A25,0.9895 ,6.6250 ,1,0,0.75,0.25,-0.0030 ,0.3750 
S75A25,0.9860 ,7.0000 ,1,0,0.75,0.25,-0.0035 ,0.3750 
S75A25,0.9820 ,7.4333 ,1,0,0.75,0.25,-0.0040 ,0.4333 
S75A25,0.9775 ,7.8667 ,1,0,0.75,0.25,-0.0045 ,0.4333 
S75A25,0.9725 ,8.3000 ,1,0,0.75,0.25,-0.0050 ,0.4333 
S75A25,0.9670 ,8.7333 ,1,0,0.75,0.25,-0.0055 ,0.4333 
S75A25,0.9610 ,9.1667 ,1,0,0.75,0.25,-0.0060 ,0.4333 
S75A25,0.9545 ,9.6000 ,1,0,0.75,0.25,-0.0065 ,0.4333 
S75A25,0.9475 ,9.9667 ,1,0,0.75,0.25,-0.0070 ,0.3667 
S75A25,0.9400 ,10.3333 ,1,0,0.75,0.25,-0.0075 ,0.3667 
S75A25,0.9320 ,10.7000 ,1,0,0.75,0.25,-0.0080 ,0.3667 
S75A25,0.9235 ,11.0400 ,1,0,0.75,0.25,-0.0085 ,0.3400 
S75A25,0.9145 ,11.3800 ,1,0,0.75,0.25,-0.0090 ,0.3400 
S75A25,0.9050 ,11.7200 ,1,0,0.75,0.25,-0.0095 ,0.3400 
S75A25,0.8950 ,12.0600 ,1,0,0.75,0.25,-0.0100 ,0.3400 
S75A25,0.8845 ,12.4000 ,1,0,0.75,0.25,-0.0105 ,0.3400 
S75A25,0.8735 ,12.7300 ,1,0,0.75,0.25,-0.0110 ,0.3300 
S75A25,0.8620 ,13.0600 ,1,0,0.75,0.25,-0.0115 ,0.3300 
S75A25,0.8500 ,13.3900 ,1,0,0.75,0.25,-0.0120 ,0.3300 
S75A25,0.8375 ,13.7200 ,1,0,0.75,0.25,-0.0125 ,0.3300 
S75A25,0.8245 ,14.0500 ,1,0,0.75,0.25,-0.0130 ,0.3300 
S75A25,0.8110 ,14.3125 ,1,0,0.75,0.25,-0.0135 ,0.2625 
S75A25,0.7970 ,14.5750 ,1,0,0.75,0.25,-0.0140 ,0.2625 
S75A25,0.7825 ,14.8375 ,1,0,0.75,0.25,-0.0145 ,0.2625 
S75A25,0.7675 ,15.1000 ,1,0,0.75,0.25,-0.0150 ,0.2625 
S75A25,0.7520 ,15.3300 ,1,0,0.75,0.25,-0.0155 ,0.2300 
S75A25,0.7360 ,15.5600 ,1,0,0.75,0.25,-0.0160 ,0.2300 
S75A25,0.7195 ,15.7900 ,1,0,0.75,0.25,-0.0165 ,0.2300 
S75A25,0.7025 ,16.0200 ,1,0,0.75,0.25,-0.0170 ,0.2300 
S75A25,0.6850 ,16.2500 ,1,0,0.75,0.25,-0.0175 ,0.2300 
S75A25,0.6670 ,16.4125 ,1,0,0.75,0.25,-0.0180 ,0.1625 
S75A25,0.6485 ,16.5750 ,1,0,0.75,0.25,-0.0185 ,0.1625 
S75A25,0.6295 ,16.7375 ,1,0,0.75,0.25,-0.0190 ,0.1625 
S75A25,0.6100 ,16.9000 ,1,0,0.75,0.25,-0.0195 ,0.1625 
S75A25,0.5900 ,17.0250 ,1,0,0.75,0.25,-0.0200 ,0.1250 
S75A25,0.5695 ,17.1500 ,1,0,0.75,0.25,-0.0205 ,0.1250 
S75A25,0.5485 ,17.2750 ,1,0,0.75,0.25,-0.0210 ,0.1250 
S75A25,0.5270 ,17.4000 ,1,0,0.75,0.25,-0.0215 ,0.1250 
S75A25,0.5050 ,17.5000 ,1,0,0.75,0.25,-0.0220 ,0.1000 
S75A25,0.4825 ,17.6000 ,1,0,0.75,0.25,-0.0225 ,0.1000 
S75A25,0.4595 ,17.7000 ,1,0,0.75,0.25,-0.0230 ,0.1000 
S75A25,0.4360 ,17.8167 ,1,0,0.75,0.25,-0.0235 ,0.1167 
S75A25,0.4120 ,17.9333 ,1,0,0.75,0.25,-0.0240 ,0.1167 
S75A25,0.3875 ,18.0500 ,1,0,0.75,0.25,-0.0245 ,0.1167 
S75A25,0.3625 ,18.1750 ,1,0,0.75,0.25,-0.0250 ,0.1250 
S75A25,0.3370 ,18.3000 ,1,0,0.75,0.25,-0.0255 ,0.1250 
S75A25,0.3110 ,18.4000 ,1,0,0.75,0.25,-0.0260 ,0.1000 
S75A25,0.2845 ,18.5000 ,1,0,0.75,0.25,-0.0265 ,0.1000 
S75A25,0.2575 ,18.6500 ,1,0,0.75,0.25,-0.0270 ,0.1500 
S75A25,0.2300 ,18.8000 ,1,0,0.75,0.25,-0.0275 ,0.1500 
S75A25,0.2020 ,19.0000 ,1,0,0.75,0.25,-0.0280 ,0.2000 
S75A25,0.1735 ,19.0500 ,1,0,0.75,0.25,-0.0285 ,0.0500 
S50A50,1.0000 ,0.0000 ,1,0,0.5,0.5,0.0000 ,0.0000 
S50A50,0.9995 ,0.5800 ,1,0,0.5,0.5,-0.0005 ,0.5800 
S50A50,0.9985 ,1.1600 ,1,0,0.5,0.5,-0.0010 ,0.5800 
S50A50,0.9970 ,1.7400 ,1,0,0.5,0.5,-0.0015 ,0.5800 
S50A50,0.9950 ,2.3200 ,1,0,0.5,0.5,-0.0020 ,0.5800 
S50A50,0.9925 ,2.9000 ,1,0,0.5,0.5,-0.0025 ,0.5800 
S50A50,0.9895 ,3.6000 ,1,0,0.5,0.5,-0.0030 ,0.7000 
S50A50,0.9860 ,4.2000 ,1,0,0.5,0.5,-0.0035 ,0.6000 
S50A50,0.9820 ,4.7000 ,1,0,0.5,0.5,-0.0040 ,0.5000 
S50A50,0.9775 ,5.2500 ,1,0,0.5,0.5,-0.0045 ,0.5500 
S50A50,0.9725 ,5.6500 ,1,0,0.5,0.5,-0.0050 ,0.4000 
S50A50,0.9670 ,5.9333 ,1,0,0.5,0.5,-0.0055 ,0.2833 
S50A50,0.9610 ,6.2167 ,1,0,0.5,0.5,-0.0060 ,0.2833 
S50A50,0.9545 ,6.4611 ,1,0,0.5,0.5,-0.0065 ,0.2444 
S50A50,0.9475 ,6.7056 ,1,0,0.5,0.5,-0.0070 ,0.2444 
S50A50,0.9400 ,6.9500 ,1,0,0.5,0.5,-0.0075 ,0.2444 
S50A50,0.9320 ,7.1000 ,1,0,0.5,0.5,-0.0080 ,0.1500 
S50A50,0.9235 ,7.3000 ,1,0,0.5,0.5,-0.0085 ,0.2000 
S50A50,0.9145 ,7.5000 ,1,0,0.5,0.5,-0.0090 ,0.2000 
S50A50,0.9050 ,7.7000 ,1,0,0.5,0.5,-0.0095 ,0.2000 
S50A50,0.8950 ,7.8750 ,1,0,0.5,0.5,-0.0100 ,0.1750 
S50A50,0.8845 ,8.0500 ,1,0,0.5,0.5,-0.0105 ,0.1750 
S50A50,0.8735 ,8.2250 ,1,0,0.5,0.5,-0.0110 ,0.1750 
S50A50,0.8620 ,8.4000 ,1,0,0.5,0.5,-0.0115 ,0.1750 
S50A50,0.8500 ,8.5600 ,1,0,0.5,0.5,-0.0120 ,0.1600 
S50A50,0.8375 ,8.7200 ,1,0,0.5,0.5,-0.0125 ,0.1600 
S50A50,0.8245 ,8.8800 ,1,0,0.5,0.5,-0.0130 ,0.1600 
S50A50,0.8110 ,9.0400 ,1,0,0.5,0.5,-0.0135 ,0.1600 
S50A50,0.7970 ,9.2000 ,1,0,0.5,0.5,-0.0140 ,0.1600 
S50A50,0.7825 ,9.3375 ,1,0,0.5,0.5,-0.0145 ,0.1375 
S50A50,0.7675 ,9.4750 ,1,0,0.5,0.5,-0.0150 ,0.1375 
S50A50,0.7520 ,9.6125 ,1,0,0.5,0.5,-0.0155 ,0.1375 
S50A50,0.7360 ,9.7500 ,1,0,0.5,0.5,-0.0160 ,0.1375 
S50A50,0.7195 ,9.8667 ,1,0,0.5,0.5,-0.0165 ,0.1167 
S50A50,0.7025 ,9.9833 ,1,0,0.5,0.5,-0.0170 ,0.1167 
S50A50,0.6850 ,10.1000 ,1,0,0.5,0.5,-0.0175 ,0.1167 
S50A50,0.6670 ,10.2333 ,1,0,0.5,0.5,-0.0180 ,0.1333 
S50A50,0.6485 ,10.3667 ,1,0,0.5,0.5,-0.0185 ,0.1333 
S50A50,0.6295 ,10.5000 ,1,0,0.5,0.5,-0.0190 ,0.1333 
S50A50,0.6100 ,10.6250 ,1,0,0.5,0.5,-0.0195 ,0.1250 
S50A50,0.5900 ,10.7500 ,1,0,0.5,0.5,-0.0200 ,0.1250 
S50A50,0.5695 ,10.8750 ,1,0,0.5,0.5,-0.0205 ,0.1250 
S50A50,0.5485 ,11.0000 ,1,0,0.5,0.5,-0.0210 ,0.1250 
S50A50,0.5270 ,11.1200 ,1,0,0.5,0.5,-0.0215 ,0.1200 
S50A50,0.5050 ,11.2400 ,1,0,0.5,0.5,-0.0220 ,0.1200 
S50A50,0.4825 ,11.3600 ,1,0,0.5,0.5,-0.0225 ,0.1200 
S50A50,0.4595 ,11.4800 ,1,0,0.5,0.5,-0.0230 ,0.1200 
S50A50,0.4360 ,11.6000 ,1,0,0.5,0.5,-0.0235 ,0.1200 
S50A50,0.4120 ,11.6875 ,1,0,0.5,0.5,-0.0240 ,0.0875 
S50A50,0.3875 ,11.7750 ,1,0,0.5,0.5,-0.0245 ,0.0875 
S50A50,0.3625 ,11.8625 ,1,0,0.5,0.5,-0.0250 ,0.0875 
S50A50,0.3370 ,11.9500 ,1,0,0.5,0.5,-0.0255 ,0.0875 
S50A50,0.3110 ,12.0167 ,1,0,0.5,0.5,-0.0260 ,0.0667 
S50A50,0.2845 ,12.0833 ,1,0,0.5,0.5,-0.0265 ,0.0667 
S50A50,0.2575 ,12.1500 ,1,0,0.5,0.5,-0.0270 ,0.0667 
S50A50,0.2300 ,12.2000 ,1,0,0.5,0.5,-0.0275 ,0.0500 
S50A50,0.2020 ,12.3000 ,1,0,0.5,0.5,-0.0280 ,0.1000 
S50A50,0.1735 ,12.3667 ,1,0,0.5,0.5,-0.0285 ,0.0667 
S25A75,1.0000 ,0.000 ,1,0,0.25,0.75,0.0000 ,0.0000 
S25A75,0.9995 ,0.467 ,1,0,0.25,0.75,-0.0005 ,0.4667 
S25A75,0.9985 ,0.933 ,1,0,0.25,0.75,-0.0010 ,0.4667 
S25A75,0.9970 ,1.400 ,1,0,0.25,0.75,-0.0015 ,0.4667 
S25A75,0.9950 ,1.750 ,1,0,0.25,0.75,-0.0020 ,0.3500 
S25A75,0.9925 ,2.100 ,1,0,0.25,0.75,-0.0025 ,0.3500 
S25A75,0.9895 ,2.450 ,1,0,0.25,0.75,-0.0030 ,0.3500 
S25A75,0.9860 ,2.800 ,1,0,0.25,0.75,-0.0035 ,0.3500 
S25A75,0.9820 ,3.150 ,1,0,0.25,0.75,-0.0040 ,0.3500 
S25A75,0.9775 ,3.500 ,1,0,0.25,0.75,-0.0045 ,0.3500 
S25A75,0.9725 ,3.850 ,1,0,0.25,0.75,-0.0050 ,0.3500 
S25A75,0.9670 ,4.200 ,1,0,0.25,0.75,-0.0055 ,0.3500 
S25A75,0.9610 ,4.410 ,1,0,0.25,0.75,-0.0060 ,0.2100 
S25A75,0.9545 ,4.620 ,1,0,0.25,0.75,-0.0065 ,0.2100 
S25A75,0.9475 ,4.830 ,1,0,0.25,0.75,-0.0070 ,0.2100 
S25A75,0.9400 ,5.040 ,1,0,0.25,0.75,-0.0075 ,0.2100 
S25A75,0.9320 ,5.250 ,1,0,0.25,0.75,-0.0080 ,0.2100 
S25A75,0.9235 ,5.400 ,1,0,0.25,0.75,-0.0085 ,0.1500 
S25A75,0.9145 ,5.500 ,1,0,0.25,0.75,-0.0090 ,0.1000 
S25A75,0.9050 ,5.600 ,1,0,0.25,0.75,-0.0095 ,0.1000 
S25A75,0.8950 ,5.650 ,1,0,0.25,0.75,-0.0100 ,0.0500 
S25A75,0.8845 ,5.750 ,1,0,0.25,0.75,-0.0105 ,0.1000 
S25A75,0.8735 ,5.850 ,1,0,0.25,0.75,-0.0110 ,0.1000 
S25A75,0.8620 ,5.900 ,1,0,0.25,0.75,-0.0115 ,0.0500 
S25A75,0.8500 ,5.950 ,1,0,0.25,0.75,-0.0120 ,0.0500 
S25A75,0.8375 ,6.000 ,1,0,0.25,0.75,-0.0125 ,0.0500 
S25A75,0.8245 ,6.050 ,1,0,0.25,0.75,-0.0130 ,0.0500 
S25A75,0.8110 ,6.100 ,1,0,0.25,0.75,-0.0135 ,0.0500 
S25A75,0.7970 ,6.200 ,1,0,0.25,0.75,-0.0140 ,0.1000 
S25A75,0.7825 ,6.300 ,1,0,0.25,0.75,-0.0145 ,0.1000 
S25A75,0.7675 ,6.400 ,1,0,0.25,0.75,-0.0150 ,0.1000 
S25A75,0.7520 ,6.500 ,1,0,0.25,0.75,-0.0155 ,0.1000 
S25A75,0.7360 ,6.550 ,1,0,0.25,0.75,-0.0160 ,0.0500 
S25A75,0.7195 ,6.600 ,1,0,0.25,0.75,-0.0165 ,0.0500 
S25A75,0.7025 ,6.700 ,1,0,0.25,0.75,-0.0170 ,0.1000 
S25A75,0.6850 ,6.800 ,1,0,0.25,0.75,-0.0175 ,0.1000 
S25A75,0.6670 ,6.850 ,1,0,0.25,0.75,-0.0180 ,0.0500 
S25A75,0.6485 ,6.900 ,1,0,0.25,0.75,-0.0185 ,0.0500 
S25A75,0.6295 ,7.000 ,1,0,0.25,0.75,-0.0190 ,0.1000 
S25A75,0.6100 ,7.100 ,1,0,0.25,0.75,-0.0195 ,0.1000 
S25A75,0.5900 ,7.150 ,1,0,0.25,0.75,-0.0200 ,0.0500 
S25A75,0.5695 ,7.200 ,1,0,0.25,0.75,-0.0205 ,0.0500 
S25A75,0.5485 ,7.270 ,1,0,0.25,0.75,-0.0210 ,0.0700 
S25A75,0.5270 ,7.300 ,1,0,0.25,0.75,-0.0215 ,0.0300 
S25A75,0.5050 ,7.400 ,1,0,0.25,0.75,-0.0220 ,0.1000 
S25A75,0.4825 ,7.467 ,1,0,0.25,0.75,-0.0225 ,0.0667 
S25A75,0.4595 ,7.533 ,1,0,0.25,0.75,-0.0230 ,0.0667 
S25A75,0.4360 ,7.600 ,1,0,0.25,0.75,-0.0235 ,0.0667 
S25A75,0.4120 ,7.667 ,1,0,0.25,0.75,-0.0240 ,0.0667 
S25A75,0.3875 ,7.733 ,1,0,0.25,0.75,-0.0245 ,0.0667 
S25A75,0.3625 ,7.800 ,1,0,0.25,0.75,-0.0250 ,0.0667 
S25A75,0.3370 ,7.867 ,1,0,0.25,0.75,-0.0255 ,0.0667 
S25A75,0.3110 ,7.933 ,1,0,0.25,0.75,-0.0260 ,0.0667 
S25A75,0.2845 ,8.000 ,1,0,0.25,0.75,-0.0265 ,0.0667 
S25A75,0.2575 ,8.025 ,1,0,0.25,0.75,-0.0270 ,0.0250 
S25A75,0.2300 ,8.050 ,1,0,0.25,0.75,-0.0275 ,0.0250 
S25A75,0.2020 ,8.075 ,1,0,0.25,0.75,-0.0280 ,0.0250 
S25A75,0.1735 ,8.100 ,1,0,0.25,0.75,-0.0285 ,0.0250 
S40A60,1.0000 ,0.0000 ,1,0,0.4,0.6,0.0000 ,0.0000 
S40A60,0.9995 ,0.3800 ,1,0,0.4,0.6,-0.0005 ,0.0000 
S40A60,0.9985 ,0.9600 ,1,0,0.4,0.6,-0.0010 ,0.5800 
S40A60,0.9970 ,1.5400 ,1,0,0.4,0.6,-0.0015 ,0.5800 
S40A60,0.9950 ,2.0200 ,1,0,0.4,0.6,-0.0020 ,0.4800 
S40A60,0.9925 ,2.5500 ,1,0,0.4,0.6,-0.0025 ,0.5300 
S40A60,0.9895 ,3.0000 ,1,0,0.4,0.6,-0.0030 ,0.4500 
S40A60,0.9860 ,3.3571 ,1,0,0.4,0.6,-0.0035 ,0.3571 
S40A60,0.9820 ,3.7143 ,1,0,0.4,0.6,-0.0040 ,0.3571 
S40A60,0.9775 ,4.0714 ,1,0,0.4,0.6,-0.0045 ,0.3571 
S40A60,0.9725 ,4.4286 ,1,0,0.4,0.6,-0.0050 ,0.3571 
S40A60,0.9670 ,4.7857 ,1,0,0.4,0.6,-0.0055 ,0.3571 
S40A60,0.9610 ,5.1429 ,1,0,0.4,0.6,-0.0060 ,0.3571 
S40A60,0.9545 ,5.5000 ,1,0,0.4,0.6,-0.0065 ,0.3571 
S40A60,0.9475 ,5.6667 ,1,0,0.4,0.6,-0.0070 ,0.1667 
S40A60,0.9400 ,5.8333 ,1,0,0.4,0.6,-0.0075 ,0.1667 
S40A60,0.9320 ,6.0000 ,1,0,0.4,0.6,-0.0080 ,0.1667 
S40A60,0.9235 ,6.1667 ,1,0,0.4,0.6,-0.0085 ,0.1667 
S40A60,0.9145 ,6.3333 ,1,0,0.4,0.6,-0.0090 ,0.1667 
S40A60,0.9050 ,6.5000 ,1,0,0.4,0.6,-0.0095 ,0.1667 
S40A60,0.8950 ,6.7400 ,1,0,0.4,0.6,-0.0100 ,0.2400 
S40A60,0.8845 ,6.9800 ,1,0,0.4,0.6,-0.0105 ,0.2400 
S40A60,0.8735 ,7.2200 ,1,0,0.4,0.6,-0.0110 ,0.2400 
S40A60,0.8620 ,7.4600 ,1,0,0.4,0.6,-0.0115 ,0.2400 
S40A60,0.8500 ,7.7000 ,1,0,0.4,0.6,-0.0120 ,0.2400 
S40A60,0.8375 ,7.7697 ,1,0,0.4,0.6,-0.0125 ,0.0697 
S40A60,0.8245 ,7.8394 ,1,0,0.4,0.6,-0.0130 ,0.0697 
S40A60,0.8110 ,7.9091 ,1,0,0.4,0.6,-0.0135 ,0.0697 
S40A60,0.7970 ,7.9788 ,1,0,0.4,0.6,-0.0140 ,0.0697 
S40A60,0.7825 ,8.0485 ,1,0,0.4,0.6,-0.0145 ,0.0697 
S40A60,0.7675 ,8.1182 ,1,0,0.4,0.6,-0.0150 ,0.0697 
S40A60,0.7520 ,8.1879 ,1,0,0.4,0.6,-0.0155 ,0.0697 
S40A60,0.7360 ,8.2576 ,1,0,0.4,0.6,-0.0160 ,0.0697 
S40A60,0.7195 ,8.3273 ,1,0,0.4,0.6,-0.0165 ,0.0697 
S40A60,0.7025 ,8.3970 ,1,0,0.4,0.6,-0.0170 ,0.0697 
S40A60,0.6850 ,8.4667 ,1,0,0.4,0.6,-0.0175 ,0.0697 
S40A60,0.6670 ,8.5364 ,1,0,0.4,0.6,-0.0180 ,0.0697 
S40A60,0.6485 ,8.6061 ,1,0,0.4,0.6,-0.0185 ,0.0697 
S40A60,0.6295 ,8.6758 ,1,0,0.4,0.6,-0.0190 ,0.0697 
S40A60,0.6100 ,8.7455 ,1,0,0.4,0.6,-0.0195 ,0.0697 
S40A60,0.5900 ,8.8152 ,1,0,0.4,0.6,-0.0200 ,0.0697 
S40A60,0.5695 ,8.8848 ,1,0,0.4,0.6,-0.0205 ,0.0697 
S40A60,0.5485 ,8.9545 ,1,0,0.4,0.6,-0.0210 ,0.0697 
S40A60,0.5270 ,9.0242 ,1,0,0.4,0.6,-0.0215 ,0.0697 
S40A60,0.5050 ,9.0939 ,1,0,0.4,0.6,-0.0220 ,0.0697 
S40A60,0.4825 ,9.1636 ,1,0,0.4,0.6,-0.0225 ,0.0697 
S40A60,0.4595 ,9.2333 ,1,0,0.4,0.6,-0.0230 ,0.0697 
S40A60,0.4360 ,9.3030 ,1,0,0.4,0.6,-0.0235 ,0.0697 
S40A60,0.4120 ,9.3727 ,1,0,0.4,0.6,-0.0240 ,0.0697 
S40A60,0.3875 ,9.4424 ,1,0,0.4,0.6,-0.0245 ,0.0697 
S40A60,0.3625 ,9.5121 ,1,0,0.4,0.6,-0.0250 ,0.0697 
S40A60,0.3370 ,9.5818 ,1,0,0.4,0.6,-0.0255 ,0.0697 
S40A60,0.3110 ,9.6515 ,1,0,0.4,0.6,-0.0260 ,0.0697 
S40A60,0.2845 ,9.7212 ,1,0,0.4,0.6,-0.0265 ,0.0697 
S40A60,0.2575 ,9.7909 ,1,0,0.4,0.6,-0.0270 ,0.0697 
S40A60,0.2300 ,9.8606 ,1,0,0.4,0.6,-0.0275 ,0.0697 
S40A60,0.2020 ,9.9303 ,1,0,0.4,0.6,-0.0280 ,0.0697 
S40A60,0.1735 ,10.0000 ,1,0,0.4,0.6,-0.0285 ,0.0697 
S60A40,1.0000 ,0.0000 ,1,0,0.6,0.4,0.0000 ,0.0000 
S60A40,0.9995 ,1.3800 ,1,0,0.6,0.4,-0.0005 ,0.0000 
S60A40,0.9985 ,2.0600 ,1,0,0.6,0.4,-0.0010 ,0.6800 
S60A40,0.9970 ,2.9400 ,1,0,0.6,0.4,-0.0015 ,0.8800 
S60A40,0.9950 ,3.5200 ,1,0,0.6,0.4,-0.0020 ,0.5800 
S60A40,0.9925 ,4.1000 ,1,0,0.6,0.4,-0.0025 ,0.5800 
S60A40,0.9895 ,4.8000 ,1,0,0.6,0.4,-0.0030 ,0.7000 
S60A40,0.9860 ,5.4000 ,1,0,0.6,0.4,-0.0035 ,0.6000 
S60A40,0.9820 ,5.9000 ,1,0,0.6,0.4,-0.0040 ,0.5000 
S60A40,0.9775 ,6.4500 ,1,0,0.6,0.4,-0.0045 ,0.5500 
S60A40,0.9725 ,6.8500 ,1,0,0.6,0.4,-0.0050 ,0.4000 
S60A40,0.9670 ,7.0889 ,1,0,0.6,0.4,-0.0055 ,0.2389 
S60A40,0.9610 ,7.5000 ,1,0,0.6,0.4,-0.0060 ,0.4111 
S60A40,0.9545 ,7.7143 ,1,0,0.6,0.4,-0.0065 ,0.2143 
S60A40,0.9475 ,7.9286 ,1,0,0.6,0.4,-0.0070 ,0.2143 
S60A40,0.9400 ,8.1429 ,1,0,0.6,0.4,-0.0075 ,0.2143 
S60A40,0.9320 ,8.3571 ,1,0,0.6,0.4,-0.0080 ,0.2143 
S60A40,0.9235 ,8.5714 ,1,0,0.6,0.4,-0.0085 ,0.2143 
S60A40,0.9145 ,8.7857 ,1,0,0.6,0.4,-0.0090 ,0.2143 
S60A40,0.9050 ,9.0000 ,1,0,0.6,0.4,-0.0095 ,0.2143 
S60A40,0.8950 ,9.1579 ,1,0,0.6,0.4,-0.0100 ,0.1579 
S60A40,0.8845 ,9.3158 ,1,0,0.6,0.4,-0.0105 ,0.1579 
S60A40,0.8735 ,9.4737 ,1,0,0.6,0.4,-0.0110 ,0.1579 
S60A40,0.8620 ,9.6316 ,1,0,0.6,0.4,-0.0115 ,0.1579 
S60A40,0.8500 ,9.7895 ,1,0,0.6,0.4,-0.0120 ,0.1579 
S60A40,0.8375 ,9.9474 ,1,0,0.6,0.4,-0.0125 ,0.1579 
S60A40,0.8245 ,10.1053 ,1,0,0.6,0.4,-0.0130 ,0.1579 
S60A40,0.8110 ,10.2632 ,1,0,0.6,0.4,-0.0135 ,0.1579 
S60A40,0.7970 ,10.4211 ,1,0,0.6,0.4,-0.0140 ,0.1579 
S60A40,0.7825 ,10.5789 ,1,0,0.6,0.4,-0.0145 ,0.1579 
S60A40,0.7675 ,10.7368 ,1,0,0.6,0.4,-0.0150 ,0.1579 
S60A40,0.7520 ,10.8947 ,1,0,0.6,0.4,-0.0155 ,0.1579 
S60A40,0.7360 ,11.0526 ,1,0,0.6,0.4,-0.0160 ,0.1579 
S60A40,0.7195 ,11.2105 ,1,0,0.6,0.4,-0.0165 ,0.1579 
S60A40,0.7025 ,11.3684 ,1,0,0.6,0.4,-0.0170 ,0.1579 
S60A40,0.6850 ,11.5263 ,1,0,0.6,0.4,-0.0175 ,0.1579 
S60A40,0.6670 ,11.6842 ,1,0,0.6,0.4,-0.0180 ,0.1579 
S60A40,0.6485 ,11.8421 ,1,0,0.6,0.4,-0.0185 ,0.1579 
S60A40,0.6295 ,12.0000 ,1,0,0.6,0.4,-0.0190 ,0.1579 
S60A40,0.6100 ,12.1579 ,1,0,0.6,0.4,-0.0195 ,0.1579 
S60A40,0.5900 ,12.3158 ,1,0,0.6,0.4,-0.0200 ,0.1579 
S60A40,0.5695 ,12.4737 ,1,0,0.6,0.4,-0.0205 ,0.1579 
S60A40,0.5485 ,12.6316 ,1,0,0.6,0.4,-0.0210 ,0.1579 
S60A40,0.5270 ,12.7895 ,1,0,0.6,0.4,-0.0215 ,0.1579 
S60A40,0.5050 ,12.9474 ,1,0,0.6,0.4,-0.0220 ,0.1579 
S60A40,0.4825 ,13.1053 ,1,0,0.6,0.4,-0.0225 ,0.1579 
S60A40,0.4595 ,13.2632 ,1,0,0.6,0.4,-0.0230 ,0.1579 
S60A40,0.4360 ,13.4211 ,1,0,0.6,0.4,-0.0235 ,0.1579 
S60A40,0.4120 ,13.5789 ,1,0,0.6,0.4,-0.0240 ,0.1579 
S60A40,0.3875 ,13.7368 ,1,0,0.6,0.4,-0.0245 ,0.1579 
S60A40,0.3625 ,13.8947 ,1,0,0.6,0.4,-0.0250 ,0.1579 
S60A40,0.3370 ,14.0526 ,1,0,0.6,0.4,-0.0255 ,0.1579 
S60A40,0.3110 ,14.2105 ,1,0,0.6,0.4,-0.0260 ,0.1579 
S60A40,0.2845 ,14.3684 ,1,0,0.6,0.4,-0.0265 ,0.1579 
S60A40,0.2575 ,14.5263 ,1,0,0.6,0.4,-0.0270 ,0.1579 
S60A40,0.2300 ,14.6842 ,1,0,0.6,0.4,-0.0275 ,0.1579 
S60A40,0.2020 ,14.8421 ,1,0,0.6,0.4,-0.0280 ,0.1579 
S60A40,0.1735 ,15.0000 ,1,0,0.6,0.4,-0.0285 ,0.1579 
S10A90,1.0000 ,0.000 ,1,0,0.1,0.9,0.0000 ,0.0000 
S10A90,0.9995 ,0.167 ,1,0,0.1,0.9,-0.0005 ,0.0000 
S10A90,0.9985 ,0.633 ,1,0,0.1,0.9,-0.0010 ,0.4667 
S10A90,0.9970 ,0.907 ,1,0,0.1,0.9,-0.0015 ,0.2733 
S10A90,0.9950 ,1.180 ,1,0,0.1,0.9,-0.0020 ,0.2733 
S10A90,0.9925 ,1.453 ,1,0,0.1,0.9,-0.0025 ,0.2733 
S10A90,0.9895 ,1.727 ,1,0,0.1,0.9,-0.0030 ,0.2733 
S10A90,0.9860 ,2.000 ,1,0,0.1,0.9,-0.0035 ,0.2733 
S10A90,0.9820 ,2.300 ,1,0,0.1,0.9,-0.0040 ,0.3000 
S10A90,0.9775 ,2.600 ,1,0,0.1,0.9,-0.0045 ,0.3000 
S10A90,0.9725 ,2.900 ,1,0,0.1,0.9,-0.0050 ,0.3000 
S10A90,0.9670 ,3.200 ,1,0,0.1,0.9,-0.0055 ,0.3000 
S10A90,0.9610 ,3.500 ,1,0,0.1,0.9,-0.0060 ,0.3000 
S10A90,0.9545 ,3.700 ,1,0,0.1,0.9,-0.0065 ,0.2000 
S10A90,0.9475 ,3.900 ,1,0,0.1,0.9,-0.0070 ,0.2000 
S10A90,0.9400 ,4.100 ,1,0,0.1,0.9,-0.0075 ,0.2000 
S10A90,0.9320 ,4.262 ,1,0,0.1,0.9,-0.0080 ,0.1615 
S10A90,0.9235 ,4.400 ,1,0,0.1,0.9,-0.0085 ,0.1385 
S10A90,0.9145 ,4.500 ,1,0,0.1,0.9,-0.0090 ,0.1000 
S10A90,0.9050 ,4.600 ,1,0,0.1,0.9,-0.0095 ,0.1000 
S10A90,0.8950 ,4.700 ,1,0,0.1,0.9,-0.0100 ,0.1000 
S10A90,0.8845 ,4.775 ,1,0,0.1,0.9,-0.0105 ,0.0750 
S10A90,0.8735 ,4.850 ,1,0,0.1,0.9,-0.0110 ,0.0750 
S10A90,0.8620 ,4.925 ,1,0,0.1,0.9,-0.0115 ,0.0750 
S10A90,0.8500 ,5.000 ,1,0,0.1,0.9,-0.0120 ,0.0750 
S10A90,0.8375 ,5.075 ,1,0,0.1,0.9,-0.0125 ,0.0750 
S10A90,0.8245 ,5.150 ,1,0,0.1,0.9,-0.0130 ,0.0750 
S10A90,0.8110 ,5.225 ,1,0,0.1,0.9,-0.0135 ,0.0750 
S10A90,0.7970 ,5.300 ,1,0,0.1,0.9,-0.0140 ,0.0750 
S10A90,0.7825 ,5.359 ,1,0,0.1,0.9,-0.0145 ,0.0586 
S10A90,0.7675 ,5.417 ,1,0,0.1,0.9,-0.0150 ,0.0586 
S10A90,0.7520 ,5.476 ,1,0,0.1,0.9,-0.0155 ,0.0586 
S10A90,0.7360 ,5.534 ,1,0,0.1,0.9,-0.0160 ,0.0586 
S10A90,0.7195 ,5.593 ,1,0,0.1,0.9,-0.0165 ,0.0586 
S10A90,0.7025 ,5.652 ,1,0,0.1,0.9,-0.0170 ,0.0586 
S10A90,0.6850 ,5.710 ,1,0,0.1,0.9,-0.0175 ,0.0586 
S10A90,0.6670 ,5.769 ,1,0,0.1,0.9,-0.0180 ,0.0586 
S10A90,0.6485 ,5.828 ,1,0,0.1,0.9,-0.0185 ,0.0586 
S10A90,0.6295 ,5.886 ,1,0,0.1,0.9,-0.0190 ,0.0586 
S10A90,0.6100 ,5.945 ,1,0,0.1,0.9,-0.0195 ,0.0586 
S10A90,0.5900 ,6.003 ,1,0,0.1,0.9,-0.0200 ,0.0586 
S10A90,0.5695 ,6.062 ,1,0,0.1,0.9,-0.0205 ,0.0586 
S10A90,0.5485 ,6.121 ,1,0,0.1,0.9,-0.0210 ,0.0586 
S10A90,0.5270 ,6.179 ,1,0,0.1,0.9,-0.0215 ,0.0586 
S10A90,0.5050 ,6.238 ,1,0,0.1,0.9,-0.0220 ,0.0586 
S10A90,0.4825 ,6.297 ,1,0,0.1,0.9,-0.0225 ,0.0586 
S10A90,0.4595 ,6.355 ,1,0,0.1,0.9,-0.0230 ,0.0586 
S10A90,0.4360 ,6.414 ,1,0,0.1,0.9,-0.0235 ,0.0586 
S10A90,0.4120 ,6.472 ,1,0,0.1,0.9,-0.0240 ,0.0586 
S10A90,0.3875 ,6.531 ,1,0,0.1,0.9,-0.0245 ,0.0586 
S10A90,0.3625 ,6.590 ,1,0,0.1,0.9,-0.0250 ,0.0586 
S10A90,0.3370 ,6.648 ,1,0,0.1,0.9,-0.0255 ,0.0586 
S10A90,0.3110 ,6.707 ,1,0,0.1,0.9,-0.0260 ,0.0586 
S10A90,0.2845 ,6.766 ,1,0,0.1,0.9,-0.0265 ,0.0586 
S10A90,0.2575 ,6.824 ,1,0,0.1,0.9,-0.0270 ,0.0586 
S10A90,0.2300 ,6.883 ,1,0,0.1,0.9,-0.0275 ,0.0586 
S10A90,0.2020 ,6.941 ,1,0,0.1,0.9,-0.0280 ,0.0586 
S10A90,0.1735 ,7.000 ,1,0,0.1,0.9,-0.0285 ,0.0586 
S90A10,1.0000 ,0.0000 ,1,0,0.9,0.1,0.0000 ,0.0000 
S90A10,0.9995 ,1.3333 ,1,0,0.9,0.1,-0.0005 ,0.0000 
S90A10,0.9985 ,2.6667 ,1,0,0.9,0.1,-0.0010 ,1.3333 
S90A10,0.9970 ,4.0000 ,1,0,0.9,0.1,-0.0015 ,1.3333 
S90A10,0.9950 ,5.3333 ,1,0,0.9,0.1,-0.0020 ,1.3333 
S90A10,0.9925 ,6.6667 ,1,0,0.9,0.1,-0.0025 ,1.3333 
S90A10,0.9895 ,8.0000 ,1,0,0.9,0.1,-0.0030 ,1.3333 
S90A10,0.9860 ,9.0000 ,1,0,0.9,0.1,-0.0035 ,1.0000 
S90A10,0.9820 ,10.0000 ,1,0,0.9,0.1,-0.0040 ,1.0000 
S90A10,0.9775 ,11.0000 ,1,0,0.9,0.1,-0.0045 ,1.0000 
S90A10,0.9725 ,12.0000 ,1,0,0.9,0.1,-0.0050 ,1.0000 
S90A10,0.9670 ,13.0000 ,1,0,0.9,0.1,-0.0055 ,1.0000 
S90A10,0.9610 ,14.0000 ,1,0,0.9,0.1,-0.0060 ,1.0000 
S90A10,0.9545 ,15.5714 ,1,0,0.9,0.1,-0.0065 ,1.5714 
S90A10,0.9475 ,17.1429 ,1,0,0.9,0.1,-0.0070 ,1.5714 
S90A10,0.9400 ,18.7143 ,1,0,0.9,0.1,-0.0075 ,1.5714 
S90A10,0.9320 ,20.2857 ,1,0,0.9,0.1,-0.0080 ,1.5714 
S90A10,0.9235 ,21.8571 ,1,0,0.9,0.1,-0.0085 ,1.5714 
S90A10,0.9145 ,23.4286 ,1,0,0.9,0.1,-0.0090 ,1.5714 
S90A10,0.9050 ,25.0000 ,1,0,0.9,0.1,-0.0095 ,1.5714 
S90A10,0.8950 ,27.2500 ,1,0,0.9,0.1,-0.0100 ,2.2500 
S90A10,0.8845 ,29.5000 ,1,0,0.9,0.1,-0.0105 ,2.2500 
S90A10,0.8735 ,31.7500 ,1,0,0.9,0.1,-0.0110 ,2.2500 
S90A10,0.8620 ,34.0000 ,1,0,0.9,0.1,-0.0115 ,2.2500 
S90A10,0.8500 ,36.2500 ,1,0,0.9,0.1,-0.0120 ,2.2500 
S90A10,0.8375 ,38.5000 ,1,0,0.9,0.1,-0.0125 ,2.2500 
S90A10,0.8245 ,40.7500 ,1,0,0.9,0.1,-0.0130 ,2.2500 
S90A10,0.8110 ,43.0000 ,1,0,0.9,0.1,-0.0135 ,2.2500 
S90A10,0.7970 ,44.7143 ,1,0,0.9,0.1,-0.0140 ,1.7143 
S90A10,0.7825 ,46.4286 ,1,0,0.9,0.1,-0.0145 ,1.7143 
S90A10,0.7675 ,48.1429 ,1,0,0.9,0.1,-0.0150 ,1.7143 
S90A10,0.7520 ,49.8571 ,1,0,0.9,0.1,-0.0155 ,1.7143 
S90A10,0.7360 ,51.5714 ,1,0,0.9,0.1,-0.0160 ,1.7143 
S90A10,0.7195 ,53.2857 ,1,0,0.9,0.1,-0.0165 ,1.7143 
S90A10,0.7025 ,55.0000 ,1,0,0.9,0.1,-0.0170 ,1.7143 
S90A10,0.6850 ,56.6250 ,1,0,0.9,0.1,-0.0175 ,1.6250 
S90A10,0.6670 ,58.2500 ,1,0,0.9,0.1,-0.0180 ,1.6250 
S90A10,0.6485 ,59.8750 ,1,0,0.9,0.1,-0.0185 ,1.6250 
S90A10,0.6295 ,61.5000 ,1,0,0.9,0.1,-0.0190 ,1.6250 
S90A10,0.6100 ,63.1250 ,1,0,0.9,0.1,-0.0195 ,1.6250 
S90A10,0.5900 ,64.7500 ,1,0,0.9,0.1,-0.0200 ,1.6250 
S90A10,0.5695 ,66.3750 ,1,0,0.9,0.1,-0.0205 ,1.6250 
S90A10,0.5485 ,68.0000 ,1,0,0.9,0.1,-0.0210 ,1.6250 
S90A10,0.5270 ,69.0000 ,1,0,0.9,0.1,-0.0215 ,1.0000 
S90A10,0.5050 ,70.0000 ,1,0,0.9,0.1,-0.0220 ,1.0000 
S90A10,0.4825 ,71.0000 ,1,0,0.9,0.1,-0.0225 ,1.0000 
S90A10,0.4595 ,72.0000 ,1,0,0.9,0.1,-0.0230 ,1.0000 
S90A10,0.4360 ,73.0000 ,1,0,0.9,0.1,-0.0235 ,1.0000 
S90A10,0.4120 ,74.0000 ,1,0,0.9,0.1,-0.0240 ,1.0000 
S90A10,0.3875 ,75.0000 ,1,0,0.9,0.1,-0.0245 ,1.0000 
S90A10,0.3625 ,75.2500 ,1,0,0.9,0.1,-0.0250 ,0.2500 
S90A10,0.3370 ,75.5000 ,1,0,0.9,0.1,-0.0255 ,0.2500 
S90A10,0.3110 ,75.7500 ,1,0,0.9,0.1,-0.0260 ,0.2500 
S90A10,0.2845 ,76.0000 ,1,0,0.9,0.1,-0.0265 ,0.2500 
S90A10,0.2575 ,76.2500 ,1,0,0.9,0.1,-0.0270 ,0.2500 
S90A10,0.2300 ,76.5000 ,1,0,0.9,0.1,-0.0275 ,0.2500 
S90A10,0.2020 ,76.7500 ,1,0,0.9,0.1,-0.0280 ,0.2500 
S90A10,0.1735 ,77.0000 ,1,0,0.9,0.1,-0.0285 ,0.2500
